{
    "accuracy": 0.5400000214576721,
    "loss": 1.3631826639175415
}