{
    "accuracy": 0.5400000214576721,
    "loss": 1.1919589042663574
}