{
    "accuracy": 0.5799999833106995,
    "loss": 1.2903382778167725
}